"V1","V2","V3","V4","V5","V6","V7","V8"
0.0268339154959894,0.00379332790476358,0.238842290912871,0.0649019165943661,0.399714422257833,0.106626832461533,0.0595991968870937,0.0847232515239703
0.383482041995031,0.231740367275807,0.381450246262116,0.0819498714575435,0.000310702724773682,0.00285053090907112,0.00175335458108024,0.0572133323674195
0.0113654288322462,0.0724501322367416,0.434165603180064,0.0384963106540773,0.0836569096071196,0.0259710630100214,0.0335424771000348,0.0279831250640422
0.373456667333948,0.049976502466723,0.074964713584526,0.209990683413127,1.64451493455332e-05,4.28545137837882e-08,0.0225567794556656,0.0256748653920031
0.00426528169493891,0.0519659761940029,0.00545118273051285,0.213240846083273,0.00722344010379878,0.0275620120545256,0.0670322041093659,0.135589672798836
0.0349159278939084,0.0601021577574305,0.0577196479700672,0.206364512640052,0.0674173024145917,0.00272196486184605,0.00227476036301956,0.0667374492228072
0.0432405137221989,0.149514405373462,0.0482240440105148,0.287769834603681,0.257682735170931,0.0340708073982668,0.0312465031995231,0.283437577672523
0.0389280523726546,0.0084706439270144,0.0198939471023363,0.0758241820992244,0.31713502191259,0.0447523218792724,0.0955821056505978,0.014189195255154
0.0396547881971455,0.12072513575798,0.0384569387905479,0.00262001260219109,0.08456969463117,0.0736862879794454,0.0225297602912872,0.154553402394061
0.18484558934971,0.188055581922126,0.0188218047158157,0.140242463835595,0.0305054810389857,0.000285162672214943,0.176873273832956,0.0247670413183973
0.141357828187975,0.0824806186101746,0.0222810730432735,0.152892716946456,0.000736993640553814,0.116777796670774,0.0169677409462765,0.00465387688097132
0.11897839841606,0.297119462566984,0.097826584829282,0.0637129287108761,0.0580199398605707,0.0386591238383217,0.0940214413188745,0.167522357541663
0.285126794516849,0.343049841110203,0.048330421953276,0.273834071356272,0.0256500046321278,0.025726714211338,0.0755751778589345,0.0421646432897068
0.0286168937918612,0.245578999529886,0.334648520674161,0.0671787369367819,0.0944860527749212,0.197469659316774,0.00309289322710145,0.00370742793009111
0.00525754087007314,0.0122442315746876,0.0390390807733038,0.0869887488075105,0.353192629313077,0.152831507655193,0.0536449739676605,0.283206084007647
